model,train_accuracy,accuracy,precision_macro,recall_macro,f1_macro,precision_weighted,recall_weighted,f1_weighted,note
DecisionTree_depthNone_leaf100,0.73175,0.7255625,0.665508749723107,0.6790524511383499,0.6685658074614349,0.7576574994704793,0.7255625,0.7373557296126336,"baseline arbore: max_depth=None, min_samples_leaf=100"
DecisionTree_depth8_leaf30,0.716546875,0.7100625,0.6553547149263927,0.6693015567209899,0.6569812344484806,0.7522977278672496,0.7100625,0.7248005070808867,"baseline arbore: max_depth=8, min_samples_leaf=30"
DecisionTree_depth4_leaf20,0.661375,0.6614375,0.6029700683262073,0.5461320150659335,0.5325260456305176,0.6594164279547191,0.6614375,0.6322714559995097,"baseline arbore: max_depth=4, min_samples_leaf=20"
Dummy_most_frequent,0.54196875,0.542,0.1355,0.25,0.17574578469520102,0.293764,0.542,0.38101686121919587,underfit: prezice mereu clasa majoritara
