model,accuracy,precision_macro,recall_macro,f1_macro,precision_weighted,recall_weighted,f1_weighted
DecisionTree_depthNone_leaf100,0.7255625,0.665508749723107,0.6790524511383499,0.6685658074614349,0.7576574994704793,0.7255625,0.7373557296126336
DecisionTree_depth10_leaf50,0.724625,0.6629962797805893,0.6713266662492009,0.6634210239297955,0.7566606700700835,0.724625,0.7365956027112504
DecisionTree_depth8_leaf30,0.7100625,0.6553547149263927,0.6693015567209899,0.6569812344484806,0.7522977278672496,0.7100625,0.7248005070808867
DecisionTree_depth6_leaf20,0.67775,0.6300362049554161,0.6422333708493171,0.629142738865255,0.7304390161946226,0.67775,0.6960675469661775
DecisionTree_depth4_leaf20,0.6614375,0.6029700683262073,0.5461320150659335,0.5325260456305176,0.6594164279547191,0.6614375,0.6322714559995097
Dummy_most_frequent,0.542,0.1355,0.25,0.17574578469520102,0.293764,0.542,0.38101686121919587
