{
  "anchor": "submission_gm_away75_alpha_m0p05.csv",
  "dropraw_model": "submission_gm_lgbm_aggbins_dropraw_seed5.csv",
  "formula": "prediction = (1-w)*anchor + w*aggbins_dropraw",
  "created": [
    {
      "file": "submission_gm_bestaway_aggbins_dropraw_w0p5.csv",
      "weight_dropraw": 0.5,
      "diff_vs_anchor_abs_mean": 172.68370559251937,
      "diff_vs_lgbm_seed_abs_mean": 171.79555674122764,
      "corr_vs_anchor": 0.9999800819668532,
      "mean": 157339.1127496709,
      "std": 35615.28847722189
    },
    {
      "file": "submission_gm_bestaway_aggbins_dropraw_w0p75.csv",
      "weight_dropraw": 0.75,
      "diff_vs_anchor_abs_mean": 259.02555838877896,
      "diff_vs_lgbm_seed_abs_mean": 258.01456748182176,
      "corr_vs_anchor": 0.9999551832032534,
      "mean": 157353.34680816924,
      "std": 35615.02454914976
    }
  ]
}