{
  "created": [
    {
      "file": "submission_gm_lgbm_seed15_away75_alpha_m0p05.csv",
      "diff_vs_seed5_mean": -1.5233449864726976,
      "diff_vs_seed5_abs_mean": 102.11764901651826,
      "diff_vs_seed5_std": 135.1600566825194,
      "corr_vs_seed5": 0.999992800119027,
      "mean": 157308.4543425562,
      "std": 35615.21410696737
    },
    {
      "file": "submission_gm_lgbm_seed15_away75_alpha_m0p075.csv",
      "diff_vs_seed5_mean": -1.1898724207148044,
      "diff_vs_seed5_abs_mean": 102.20557111112657,
      "diff_vs_seed5_std": 135.12459671214242,
      "corr_vs_seed5": 0.9999928038124223,
      "mean": 157308.78781512196,
      "std": 35615.30482099646
    },
    {
      "file": "submission_gm_lgbm_seed5_50_seed15_50_away75_alpha_m0p05.csv",
      "diff_vs_seed5_mean": -0.4281999274785762,
      "diff_vs_seed5_abs_mean": 51.27753261896968,
      "diff_vs_seed5_std": 67.71229743254105,
      "corr_vs_seed5": 0.9999981929996196,
      "mean": 157309.54948761518,
      "std": 35615.98216345817
    },
    {
      "file": "submission_gm_lgbm_seed5_50_seed15_50_away75_alpha_m0p075.csv",
      "diff_vs_seed5_mean": -0.09472736172072473,
      "diff_vs_seed5_abs_mean": 52.00402202154347,
      "diff_vs_seed5_std": 68.5098442571245,
      "corr_vs_seed5": 0.9999981501329565,
      "mean": 157309.88296018093,
      "std": 35616.07453528475
    }
  ]
}